Type,Name,Request Count,Failure Count,Median Response Time,Average Response Time,Min Response Time,Max Response Time,Average Content Size,Requests/s,Failures/s,50%,66%,75%,80%,90%,95%,98%,99%,99.9%,99.99%,100%
POST,ERNIE-Speed-8K,1,0,143,143.0,143,143,0.0,0.22021560874229354,0.0,140,140,140,140,140,140,140,140,140,140,140
,Aggregated,1,0,143,143.0,143,143,0.0,0.22021560874229354,0.0,140,140,140,140,140,140,140,140,140,140,140
